INSERT INTO store (name, description, tax_id, address, phone, email, url) VALUES
('Bookshop', 'A bookstore with a wide selection of classic and contemporary literature.', '123456789', '123 Main St, New York, USA', 1234567890, 'email@example.com', 'http://www.example.com');

INSERT INTO book (title, author, description, price, stock) VALUES
('The Great Gatsby', 'F. Scott Fitzgerald', 'A novel set in the Jazz Age that tells the story of Jay Gatsby and his unrequited love for Daisy Buchanan.', 10, 0),
('To Kill a Mockingbird', 'Harper Lee', 'A novel about the serious issues of rape and racial inequality, told through the eyes of a young girl.', 12, 0),
('1984', 'George Orwell', 'A dystopian novel set in a totalitarian society under constant surveillance.', 15, 30),
('Pride and Prejudice', 'Jane Austen', 'A romantic novel that also critiques the British landed gentry at the end of the 18th century.', 8, 20),
('The Catcher in the Rye', 'J.D. Salinger', 'A novel about the experiences of a young man in New York City after being expelled from prep school.', 10, 25),
('The Hobbit', 'J.R.R. Tolkien', 'A fantasy novel about the adventures of Bilbo Baggins, a hobbit who sets out on a quest to win a share of the treasure guarded by Smaug the dragon.', 14, 35),
('Fahrenheit 451', 'Ray Bradbury', 'A dystopian novel about a future society where books are banned and "firemen" burn any that are found.', 13, 45),
('Moby-Dick', 'Herman Melville', 'A novel about the voyage of the whaling ship Pequod and its captain, Ahab, who is obsessed with hunting the giant white whale Moby Dick.', 18, 15),
('War and Peace', 'Leo Tolstoy', 'A novel that chronicles the history of the French invasion of Russia and the impact of the Napoleonic era on Tsarist society.', 20, 10),
('The Odyssey', 'Homer', 'An epic poem that tells the story of Odysseus''s ten-year journey home after the Trojan War.', 16, 22),
('Crime and Punishment', 'Fyodor Dostoevsky', 'A novel about the mental anguish and moral dilemmas of an impoverished ex-student who kills a pawnbroker for her money.', 14, 18),
('The Brothers Karamazov', 'Fyodor Dostoevsky', 'A novel about the spiritual and moral struggles of the Karamazov family.', 17, 12),
('Brave New World', 'Aldous Huxley', 'A dystopian novel set in a futuristic World State, where citizens are environmentally engineered into an intelligence-based social hierarchy.', 15, 28),
('Jane Eyre', 'Charlotte Brontë', 'A novel about the experiences of the orphaned title character, including her growth to adulthood and her love for Mr. Rochester.', 12, 32),
('Wuthering Heights', 'Emily Brontë', 'A novel about the intense and almost demonic love between Catherine Earnshaw and Heathcliff, a foundling adopted by Catherine''s father.', 11, 27),
('The Divine Comedy', 'Dante Alighieri', 'An epic poem that describes Dante''s journey through Hell, Purgatory, and Paradise.', 19, 14),
('The Iliad', 'Homer', 'An epic poem that tells the story of the last year of the Trojan War.', 16, 20),
('Les Misérables', 'Victor Hugo', 'A novel that examines the nature of law and grace, and expounds upon the history of France, the architecture of Paris, politics, moral philosophy, and justice.', 18, 16),
('Anna Karenina', 'Leo Tolstoy', 'A novel about the tragic love affair between the title character and the dashing officer Count Vronsky.', 17, 19),
('Madame Bovary', 'Gustave Flaubert', 'A novel about the life of a doctor''s wife who has adulterous affairs and lives beyond her means in order to escape the banalities and emptiness of provincial life.', 14, 21),
('The Count of Monte Cristo', 'Alexandre Dumas', 'A novel about a man who is wrongfully imprisoned, escapes from jail, acquires a fortune, and sets about exacting revenge on those responsible for his imprisonment.', 20, 13),
('The Picture of Dorian Gray', 'Oscar Wilde', 'A novel about a young man whose portrait ages while he remains youthful and beautiful.', 12, 24),
('Dracula', 'Bram Stoker', 'A novel about the vampire Count Dracula''s attempt to move from Transylvania to England so that he may find new blood and spread the undead curse.', 15, 26),
('Frankenstein', 'Mary Shelley', 'A novel about a young scientist who creates a grotesque creature in an unorthodox scientific experiment.', 13, 29),
('The Adventures of Huckleberry Finn', 'Mark Twain', 'A novel about a young boy who runs away from home and floats down the Mississippi River on a raft with a runaway slave.', 11, 33),
('The Adventures of Tom Sawyer', 'Mark Twain', 'A novel about a young boy growing up along the Mississippi River.', 10, 31),
('The Scarlet Letter', 'Nathaniel Hawthorne', 'A novel about a woman who is shunned by her Puritan community after she gives birth to an illegitimate child.', 12, 23),
('Great Expectations', 'Charles Dickens', 'A novel about the growth and personal development of an orphan named Pip.', 14, 25),
('David Copperfield', 'Charles Dickens', 'A novel about the life of the title character, from his childhood to his maturity.', 15, 22),
('A Tale of Two Cities', 'Charles Dickens', 'A novel set in London and Paris before and during the French Revolution.', 13, 28),
('Oliver Twist', 'Charles Dickens', 'A novel about an orphan who runs away from a workhouse and meets a group of juvenile criminals.', 11, 30),
('Bleak House', 'Charles Dickens', 'A novel that satirizes the English legal system.', 16, 17),
('The Old Man and the Sea', 'Ernest Hemingway', 'A novel about an aging fisherman who struggles with a giant marlin far out in the Gulf Stream.', 10, 34),
('For Whom the Bell Tolls', 'Ernest Hemingway', 'A novel about an American dynamiter who fights in the Spanish Civil War.', 14, 20),
('The Sun Also Rises', 'Ernest Hemingway', 'A novel about a group of American and British expatriates who travel from Paris to Pamplona to watch the running of the bulls and the bullfights.', 12, 27),
('A Farewell to Arms', 'Ernest Hemingway', 'A novel about a love affair between an American ambulance driver in the Italian army and a British nurse during World War I.', 13, 26),
('The Grapes of Wrath', 'John Steinbeck', 'A novel about the Joad family, who are driven from their Oklahoma home by drought, economic hardship, and changes in the agriculture industry.', 15, 19),
('Of Mice and Men', 'John Steinbeck', 'A novel about two displaced migrant ranch workers who move from place to place in California in search of new job opportunities during the Great Depression.', 10, 32),
('East of Eden', 'John Steinbeck', 'A novel that retells the story of Cain and Abel in the context of two families in California''s Salinas Valley.', 18, 14),
('The Pearl', 'John Steinbeck', 'A novel about a poor pearl diver who finds a giant pearl that he believes will bring his family fortune.', 11, 29),
('The Red Badge of Courage', 'Stephen Crane', 'A novel about a young soldier in the American Civil War who flees from the field of battle.', 12, 24),
('The Call of the Wild', 'Jack London', 'A novel about a domesticated dog who returns to the wild.', 13, 28),
('White Fang', 'Jack London', 'A novel about a wild wolfdog''s journey to domestication.', 14, 22),
('The Sea-Wolf', 'Jack London', 'A novel about a literary critic who is swept to sea and becomes the captive of a brutal sea captain.', 15, 18),
('Treasure Island', 'Robert Louis Stevenson', 'A novel about a young boy who finds a treasure map and sets off on a dangerous adventure to find the treasure.', 10, 33),
('Kidnapped', 'Robert Louis Stevenson', 'A novel about a young boy who is kidnapped and sold into slavery.', 11, 30),
('Strange Case of Dr Jekyll and Mr Hyde', 'Robert Louis Stevenson', 'A novel about a lawyer who investigates the strange occurrences between his old friend Dr. Henry Jekyll and the evil Edward Hyde.', 12, 25),
('The Time Machine', 'H.G. Wells', 'A novel about an inventor who travels through time and witnesses the future of humanity.', 13, 27),
('The War of the Worlds', 'H.G. Wells', 'A novel about an alien invasion of Earth.', 14, 23),
('The Invisible Man', 'H.G. Wells', 'A novel about a scientist who discovers how to make himself invisible.', 15, 21),
('The Island of Doctor Moreau', 'H.G. Wells', 'A novel about a shipwrecked man who ends up on an island where a mad scientist is creating human-animal hybrids.', 16, 19);

INSERT INTO customer (email, first_name, last_name, country, city, address, phone) VALUES
('john.doe@example.com', 'John', 'Doe', 'USA', 'New York', '123 Main St', '123-456-7890'),
('jane.smith@example.com', 'Jane', 'Smith', 'USA', 'Los Angeles', '456 Elm St', '234-567-8901'),
('alice.jones@example.com', 'Alice', 'Jones', 'USA', 'Chicago', '789 Oak St', '345-678-9012'),
('bob.brown@example.com', 'Bob', 'Brown', 'USA', 'Houston', '101 Pine St', '456-789-0123'),
('carol.white@example.com', 'Carol', 'White', 'USA', 'Phoenix', '202 Maple St', '567-890-1234'),
('dave.green@example.com', 'Dave', 'Green', 'USA', 'Philadelphia', '303 Cedar St', '678-901-2345'),
('eve.black@example.com', 'Eve', 'Black', 'USA', 'San Antonio', '404 Birch St', '789-012-3456'),
('frank.gray@example.com', 'Frank', 'Gray', 'USA', 'San Diego', '505 Walnut St', '890-123-4567'),
('grace.hall@example.com', 'Grace', 'Hall', 'USA', 'Dallas', '606 Chestnut St', '901-234-5678'),
('henry.king@example.com', 'Henry', 'King', 'USA', 'San Jose', '707 Spruce St', '012-345-6789'),
('irene.lee@example.com', 'Irene', 'Lee', 'USA', 'Austin', '808 Redwood St', '123-456-7891'),
('jack.martin@example.com', 'Jack', 'Martin', 'USA', 'Jacksonville', '909 Cypress St', '234-567-8902'),
('karen.moore@example.com', 'Karen', 'Moore', 'USA', 'Fort Worth', '1010 Palm St', '345-678-9013'),
('larry.scott@example.com', 'Larry', 'Scott', 'USA', 'Columbus', '1111 Fir St', '456-789-0124'),
('mary.adams@example.com', 'Mary', 'Adams', 'USA', 'Charlotte', '1212 Willow St', '567-890-1235'),
('nancy.baker@example.com', 'Nancy', 'Baker', 'USA', 'San Francisco', '1313 Poplar St', '678-901-2346'),
('oscar.clark@example.com', 'Oscar', 'Clark', 'USA', 'Indianapolis', '1414 Ash St', '789-012-3457'),
('paul.davis@example.com', 'Paul', 'Davis', 'USA', 'Seattle', '1515 Beech St', '890-123-4568'),
('quincy.evans@example.com', 'Quincy', 'Evans', 'USA', 'Denver', '1616 Hickory St', '901-234-5679'),
('rachel.foster@example.com', 'Rachel', 'Foster', 'USA', 'Washington', '1717 Magnolia St', '012-345-6790'),
('steve.garcia@example.com', 'Steve', 'Garcia', 'USA', 'Boston', '1818 Dogwood St', '123-456-7892'),
('tina.harris@example.com', 'Tina', 'Harris', 'USA', 'El Paso', '1919 Sycamore St', '234-567-8903'),
('ursula.hernandez@example.com', 'Ursula', 'Hernandez', 'USA', 'Detroit', '2020 Alder St', '345-678-9014'),
('victor.jackson@example.com', 'Victor', 'Jackson', 'USA', 'Nashville', '2121 Sequoia St', '456-789-0125'),
('wendy.johnson@example.com', 'Wendy', 'Johnson', 'USA', 'Memphis', '2222 Redwood St', '567-890-1236'),
('xander.kelly@example.com', 'Xander', 'Kelly', 'USA', 'Portland', '2323 Cedar St', '678-901-2347'),
('yvonne.lewis@example.com', 'Yvonne', 'Lewis', 'USA', 'Oklahoma City', '2424 Birch St', '789-012-3458'),
('zach.miller@example.com', 'Zach', 'Miller', 'USA', 'Las Vegas', '2525 Walnut St', '890-123-4569'),
('amy.nelson@example.com', 'Amy', 'Nelson', 'USA', 'Louisville', '2626 Chestnut St', '901-234-5670'),
('brian.owens@example.com', 'Brian', 'Owens', 'USA', 'Baltimore', '2727 Spruce St', '012-345-6791'),
('cathy.parker@example.com', 'Cathy', 'Parker', 'USA', 'Milwaukee', '2828 Redwood St', '123-456-7893'),
('dan.quinn@example.com', 'Dan', 'Quinn', 'USA', 'Albuquerque', '2929 Cypress St', '234-567-8904'),
('ellen.roberts@example.com', 'Ellen', 'Roberts', 'USA', 'Tucson', '3030 Palm St', '345-678-9015'),
('fred.sanders@example.com', 'Fred', 'Sanders', 'USA', 'Fresno', '3131 Fir St', '456-789-0126'),
('gina.taylor@example.com', 'Gina', 'Taylor', 'USA', 'Sacramento', '3232 Willow St', '567-890-1237'),
('harry.thomas@example.com', 'Harry', 'Thomas', 'USA', 'Kansas City', '3333 Poplar St', '678-901-2348'),
('isabel.turner@example.com', 'Isabel', 'Turner', 'USA', 'Long Beach', '3434 Ash St', '789-012-3459'),
('jason.walker@example.com', 'Jason', 'Walker', 'USA', 'Mesa', '3535 Beech St', '890-123-4570'),
('katie.wilson@example.com', 'Katie', 'Wilson', 'USA', 'Atlanta', '3636 Hickory St', '901-234-5671'),
('leo.young@example.com', 'Leo', 'Young', 'USA', 'Colorado Springs', '3737 Magnolia St', '012-345-6792'),
('mona.zimmerman@example.com', 'Mona', 'Zimmerman', 'USA', 'Raleigh', '3838 Dogwood St', '123-456-7894'),
('nick.anderson@example.com', 'Nick', 'Anderson', 'USA', 'Miami', '3939 Sycamore St', '234-567-8905'),
('olivia.bell@example.com', 'Olivia', 'Bell', 'USA', 'Virginia Beach', '4040 Alder St', '345-678-9016'),
('peter.carter@example.com', 'Peter', 'Carter', 'USA', 'Omaha', '4141 Sequoia St', '456-789-0127'),
('quinn.daniels@example.com', 'Quinn', 'Daniels', 'USA', 'Oakland', '4242 Redwood St', '567-890-1238'),
('ruth.edwards@example.com', 'Ruth', 'Edwards', 'USA', 'Minneapolis', '4343 Cedar St', '678-901-2349'),
('sam.fisher@example.com', 'Sam', 'Fisher', 'USA', 'Tulsa', '4444 Birch St', '789-012-3460'),
('tina.gonzalez@example.com', 'Tina', 'Gonzalez', 'USA', 'Arlington', '4545 Walnut St', '890-123-4571'),
('ulysses.hall@example.com', 'Ulysses', 'Hall', 'USA', 'New Orleans', '4646 Chestnut St', '901-234-5672'),
('victoria.hernandez@example.com', 'Victoria', 'Hernandez', 'USA', 'Wichita', '4747 Spruce St', '012-345-6793');

INSERT INTO "order" (customer_id, status, created) VALUES
(1, 'cart', now()),
(2, 'cart', now()),
(3, 'cart', now()),
(4, 'cart', now()),
(5, 'cart', now()),
(6, 'cart', now()),
(7, 'cart', now()),
(8, 'cart', now()),
(9, 'cart', now()),
(10, 'delivered', now()),
(11, 'cart', now()),
(12, 'delivered', now()),
(13, 'cart', now()),
(14, 'cart', now()),
(15, 'delivered', now()),
(16, 'delivered', now()),
(17, 'delivered', now()),
(18, 'delivered', now()),
(19, 'delivered', now()),
(20, 'delivered', now()),
(21, 'delivered', now()),
(22, 'delivered', now()),
(23, 'cart', now()),
(24, 'cart', now()),
(25, 'delivered', now()),
(26, 'delivered', now()),
(27, 'delivered', now()),
(28, 'delivered', now()),
(29, 'cart', now()),
(30, 'cart', now()),
(31, 'cart', now()),
(32, 'cart', now()),
(33, 'delivered', now()),
(34, 'delivered', now()),
(35, 'delivered', now()),
(36, 'delivered', now()),
(37, 'delivered', now()),
(38, 'delivered', now()),
(39, 'cart', now()),
(40, 'cart', now()),
(41, 'cart', now()),
(42, 'cart', now()),
(43, 'delivered', now()),
(44, 'delivered', now()),
(45, 'delivered', now()),
(46, 'delivered', now()),
(47, 'delivered', now()),
(48, 'delivered', now()),
(49, 'delivered', now()),
(50, 'delivered', now());

INSERT INTO order_item (order_id, book_id, quantity) VALUES
(1, 1, 1),
(1, 2, 1),
(2, 3, 1),
(2, 4, 1),
(3, 5, 1),
(3, 6, 1),
(4, 7, 1),
(4, 8, 1),
(5, 9, 1),
(5, 10, 1),
(6, 11, 1),
(6, 12, 1),
(7, 13, 1),
(7, 14, 1),
(8, 15, 1),
(8, 16, 1),
(9, 17, 1),
(9, 18, 1),
(10, 19, 1),
(10, 20, 1),
(11, 21, 1),
(11, 22, 1),
(12, 23, 1),
(12, 24, 1),
(13, 25, 1),
(13, 26, 1),
(14, 27, 1),
(14, 28, 1),
(15, 29, 1),
(15, 30, 1),
(16, 31, 1),
(16, 32, 1),
(17, 33, 1),
(17, 34, 1),
(18, 35, 1),
(18, 36, 1),
(19, 37, 1),
(19, 38, 1),
(20, 39, 1),
(20, 40, 1),
(21, 41, 1),
(21, 42, 1),
(22, 43, 1),
(22, 44, 1),
(23, 45, 1),
(23, 46, 1),
(24, 47, 1),
(24, 48, 1),
(25, 49, 1),
(25, 50, 1),
(26, 1, 1),
(26, 2, 1),
(27, 3, 1),
(27, 4, 1),
(28, 5, 1),
(28, 6, 1),
(29, 7, 1),
(29, 8, 1),
(30, 9, 1),
(30, 10, 1),
(31, 11, 1),
(31, 12, 1),
(32, 13, 1),
(32, 14, 1),
(33, 15, 1),
(33, 16, 1),
(34, 17, 1),
(34, 18, 1),
(35, 19, 1),
(35, 20, 1),
(36, 21, 1),
(36, 22, 1),
(37, 23, 1),
(37, 24, 1),
(38, 25, 1),
(38, 26, 1),
(39, 27, 1),
(39, 28, 1),
(40, 29, 1),
(40, 30, 1),
(41, 31, 1),
(41, 32, 1),
(42, 33, 1),
(42, 34, 1),
(43, 35, 1),
(43, 36, 1),
(44, 37, 1),
(44, 38, 1),
(45, 39, 1),
(45, 40, 1),
(46, 41, 1),
(46, 42, 1),
(47, 43, 1),
(47, 44, 1),
(48, 45, 1),
(48, 46, 1),
(49, 47, 1),
(49, 48, 1),
(50, 49, 1),
(50, 50, 1);